Load,Time
77.7,5.06700
77.8,552.056
77.9,127.809
77.8,7.61100
85.5,0.12400
85.5,0.07700
89.2,0.00800
89.3,0.01300
73.1,49.4390
85.5,0.50300
89.2,0.36200
85.5,9.93000
89.2,0.67700
85.5,5.32200
89.2,0.28900
82.3,53.0790
82.0,7.62500
82.3,155.299
